chrisha@chromium.org = Chris Hamilton <chrisha@chromium.org>
darin@chromium.org = Darin Fisher <darin@chromium.org>
ericdingle@chromium.org = Eric Dingle <ericdingle@chromium.org>
etienneb@chromium.org = Etienne Bergeron <etienneb@chromium.org>
fdoray@chromium.org = Francois Doray <fdoray@chromium.org>
fixman@google.com = Martin Fixman <fixman@google.com>
hansl@google.com = Hans Larsen <hansl@google.com>
joi@chromium.org = Joi Sigurdsson <joi@chromium.org>
lenh@google.com = Nhat Le <lenh@google.com>
mad@chromium.org = Marc-Andre Decoste <mad@chromium.org>
motek@chromium.org = Marcin Swiatek <motek@chromium.org>
peterssen@google.com = Alfonso Peterssen <peterssen@google.com>
robertshield@chromium.org = Robert Shield <robertshield@chromium.org>
rogerm@chromium.org = Roger McFarlane <rogerm@chromium.org>
rogerm@google.com = Roger McFarlane <rogerm@google.com>
sebmarchand@chromium.org = Sebastien Marchand <sebmarchand@chromium.org>
sebmarchand@google.com = Sebastien Marchand <sebmarchand@google.com>
siggi@chromium.org = Sigurdur Asgeirsson <siggi@chromium.org>
slightlyoff@chromium.org = Alex Russell <slightlyoff@chromium.org>
tommi@chromium.org = Tomas Gunnarsson <tommi@chromium.org>
(no author) = No Author <no_author@no_author>
